,size,splits,cycles
size,1.0,-0.1640230021338373,-0.030444246926985774
splits,-0.1640230021338373,1.0,0.2084171159283409
cycles,-0.030444246926985774,0.2084171159283409,1.0
