,size,tree_count,depth,cycles
size,1.0,-0.00045304795530234655,-0.2780438566614986,0.024683907023414754
tree_count,-0.00045304795530234655,1.0,0.21699192436308726,0.010710798030068842
depth,-0.2780438566614986,0.21699192436308726,1.0,0.015338722868059608
cycles,0.024683907023414754,0.010710798030068842,0.015338722868059608,1.0
