,size,tree_count,depth,cycles
size,1.0,-0.0005253681991618564,,0.021404726956645952
tree_count,-0.0005253681991618564,1.0,,0.009536916679753003
depth,,,,
cycles,0.021404726956645952,0.009536916679753003,,1.0
