,size,tree_count,depth,cycles
size,1.0,-0.0005253681991618564,-0.2896331922829048,0.021893946932178224
tree_count,-0.0005253681991618564,1.0,0.2128549988523551,0.008846845648392871
depth,-0.2896331922829048,0.2128549988523551,1.0,0.0127733861723369
cycles,0.021893946932178224,0.008846845648392871,0.0127733861723369,1.0
