,size,tree_count,depth,cycles
size,1.0,-0.00045304795530234655,-0.2780438566614986,0.02463591368376851
tree_count,-0.00045304795530234655,1.0,0.21699192436308726,0.011407789072209023
depth,-0.2780438566614986,0.21699192436308726,1.0,0.016149218730325002
cycles,0.02463591368376851,0.011407789072209023,0.016149218730325002,1.0
